reference,area,conformance,statement,sourcefile,line,location
gen-01,General,SHALL,Measure population determination SHALL be done as specified in the Quality Measure (QM) IG's section [Population Criteria](http://hl7.org/fhir/uv/cqm/measure-conformance.html#population-criteria).,input/pagecontent/guidance.md,102,Markdown narrative
gen-02,General,SHALL,A DEQM measure report's groups SHALL be organized and identified in the same manner as in the evaluated measure without alteration.,input/pagecontent/guidance.md,120,Markdown narrative
gen-03,General,SHALL,All linkId and code elements in the measure identified in the table above SHALL be in the measure report in the corresponding location.,input/pagecontent/guidance.md,140,Markdown narrative
gen-04,General,SHOULD,All id elements SHOULD be in the measure report.,input/pagecontent/guidance.md,140,Markdown narrative
gen-05,General,SHALL,"There are two exceptions to the linkId and id requirements above: (1) supplementalData.id SHALL be in the measure report if and only if the supplementalData.linkId is not present, and (2) supplementalData.code SHALL be in contained Observation resources on the code element that report supplemental data.",input/pagecontent/guidance.md,140,Markdown narrative
gen-06,General,MAY/SHALL,"For backwards compatibility with measure specifications that do not use `linkId` elements, MeasureReports MAY be produced that do not include the linkId, but in these cases, the report SHALL provide the corresponding `id` elements to ensure measure components in the report can be correlated to the measure specification.",input/pagecontent/guidance.md,142,Markdown narrative
gen-07,General,SHOULD,Implementations SHOULD avoid sending duplicate data (identical FHIR resources) in data exchanges (collect-data or submit-data) or as resolvable references in MeasureReport.evaluatedResources.,input/pagecontent/guidance.md,166,Markdown narrative
gen-08,General,SHALL,"As described in ([Resource URL & Uniqueness rules in a bundle](https://hl7.org/fhir/R4/bundle.html#bundle-unique)), a given version of a resource SHALL occur only once in a Bundle, and for DEQM that requires consideration of the data of interest and evaluated resources within the Bundle.",input/pagecontent/guidance.md,172,Markdown narrative
gen-09,General,SHOULD,"Bundles SHOULD be organized by subject, meaning that a Bundle SHOULD contain the resources, the including MeasureReport(s) and data of interest (in MeasureReport.evaluatedResources), for all of the measures that apply to a single subject.",input/pagecontent/guidance.md,178,Markdown narrative
gen-10,General,SHOULD,The sending system SHOULD include all and only the data required to calculate the measure and send it in a way that reduces data duplication as much as reasonably possible.,input/pagecontent/guidance.md,184,Markdown narrative
gen-11,General,SHALL,The receiving system SHALL be permissive in accepting references to data that are not included in the bundle.,input/pagecontent/guidance.md,186,Markdown narrative
gen-12,General,SHALL,"The organization provided in [$care-gaps](OperationDefinition-care-gaps.html) or [$collect-data](OperationDefinition-collect-data.html), whether in the ""organization"" parameter or the ""organizationResource"" parameter, SHALL be the reporter in the resulting measure report(s) and SHALL be included as a contained resource if necessary.",input/pagecontent/guidance.md,204,Markdown narrative
gen-13,General,SHALL,References among the contained resources SHALL be maintained.,input/pagecontent/guidance.md,204,Markdown narrative
gen-14,General,SHOULD NOT,[Contained resources] SHOULD NOT be used when responding to the submit-data or collect-data operation or to the Individual reporting transactions.,input/pagecontent/guidance.md,213,Markdown narrative
gen-15,General,SHOULD NOT,[Contained resources] SHOULD NOT be used when responding to the [care-gaps](OperationDefinition-care-gaps.html) operation.,input/pagecontent/guidance.md,237,Markdown narrative
gen-16,General,SHALL,"The Must Support flag is used to indicate that the element plays a critical role in defining and sharing quality measures, and implementations SHALL understand and process the element.",input/pagecontent/guidance.md,241,Markdown narrative
gen-17,General,SHALL,"All systems SHALL support one of ""batch"" or ""transaction"", and the server SHALL declare its support in the capability statement for these Bundle transaction types.",input/pagecontent/guidance.md,194,Markdown narrative
gen-18,General,SHALL,If the measure scoring type is 'proportion' then the `MeasureReport.group.measureScore.value` SHALL be a numerical value between 0 and 1.,input/includes/report-sd-imp-guidance.md,5,Markdown narrative
dx-01,Data Exchange,MAY,The submission MAY be repeated during the submission period as additional data relevant to the quality measure becomes available.,input/pagecontent/datax.md,39,Markdown narrative
dx-02,Data Exchange,SHALL/SHOULD,"Bundles submitted in the Submit Data scenario SHALL contain data-of-interest, SHALL contain 0..* DEQM Data Exchange MeasureReports for that data, and SHOULD be for a single subject.",input/pagecontent/datax.md,39,Markdown narrative
dx-03,Data Exchange,SHALL,The Consumer (server) SHALL advertise whether it supports snapshot and/or incremental data exchange via its CapabilityStatement using the [DEQM Submit Data Update Type Extension].,input/pagecontent/datax.md,104,Markdown narrative
dx-04,Data Exchange,SHALL,The Producer (client) SHALL populate the required [DEQM Submit Data Update Type Extension] on the [DEQM Data Exchange MeasureReport Profile] to indicate whether the payload is a snapshot or incremental update for both the initial transaction and subsequent updates.,input/pagecontent/datax.md,112,Markdown narrative
dx-05,Data Exchange,SHALL,The Consumer (server) SHALL reject the submit data payload if there is mismatch between the update type stated in the data exchange MeasureReport submitted by the Producer (client) and the capabilities supported by the Consumer (server) by returning a `400 Bad Request` http error code.,input/pagecontent/datax.md,114,Markdown narrative
dx-06,Data Exchange,SHALL,An OperationOutcome SHALL be returned stating that the [snapshot/incremental] update is not supported.,input/pagecontent/datax.md,114,Markdown narrative
dx-07,Data Exchange,SHALL,If the Producer cannot support the lastReceivedOn parameter then it SHALL return a `400 Bad Request` http error code.,input/pagecontent/datax.md,180,Markdown narrative
dx-08,Data Exchange,SHALL,An OperationOutcome SHALL be returned stating that the `lastReceivedOn` parameter is not supported.,input/pagecontent/datax.md,180,Markdown narrative
dx-09,Data Exchange,SHOULD NOT,"To avoid confusion, implementers of the DEQM operations SHOULD NOT support the base FHIR R4 $collect-data operation.",input/pagecontent/datax.md,219,Markdown narrative
dx-10,Data Exchange,SHOULD,The use of the [X-Provenance header data]({{site.data.fhir.path}}provenance.html#header) with data that establishes provenance being submitted/collected SHOULD be supported.,input/pagecontent/datax.md,254,Markdown narrative
rpt-01,Reporting,SHALL,The FHIR transaction bundle used in the reporting scenarios SHALL contain only the new and updated DEQM and QI-Core Profiles since the last transaction or those that need to be deleted.,input/pagecontent/indv-reporting.md,108,Markdown narrative
rpt-02,Reporting,SHALL,"When using a MeasureReport resource to represent a subject-list, the MeasureReport SHALL have a type-code of ""subject-list"" and if a subject reference is present, it SHALL be a reference to a Group.",input/pagecontent/subjectlist-reporting.md,2,Markdown narrative
rpt-03,Reporting,SHALL,"In addition, the resource SHALL include for each population a reference to a List resource that references individual level MeasureReport resources for the same measure, one for each subject in the overall population.",input/pagecontent/subjectlist-reporting.md,2,Markdown narrative
rpt-04,Reporting,MAY,"For very large populations, implementations MAY decide to limit the size of the result, either by returning an error indicating the request is too costly, or by returning a partial result, so long as there is an indication that the report is only a partial response.",input/pagecontent/subjectlist-reporting.md,17,Markdown narrative
gic-01,Gaps in Care,SHALL NOT,If the status is not-applicable the measureScore SHALL NOT be included in the DEQM Individual MeasureReport.,input/pagecontent/gaps-in-care-reporting.md,90,Markdown narrative
gic-02,Gaps in Care,MAY/SHOULD,"Servers SHOULD support patient-based measures, and MAY support any other base.",input/pagecontent/gaps-in-care-reporting.md,92,Markdown narrative
gic-03,Gaps in Care,SHALL,"If `isDocument` is true, each bundle SHALL conform to the [DEQM Gaps In Care Bundle Profile], otherwise, each bundle SHALL contain the MeasureReport(s) and related resources, but does not have to contain any of the gaps-in-care-specific resources.",input/pagecontent/gaps-in-care-reporting.md,101,Markdown narrative
gic-04,Gaps in Care,SHALL,The Gaps In Care Composition SHALL contain one to many section(s).,input/pagecontent/gaps-in-care-reporting.md,103,Markdown narrative
gic-05,Gaps in Care,SHALL,All Individual MeasureReport referenced SHALL be for the same patient specified in the Composition `subject`.,input/pagecontent/gaps-in-care-reporting.md,103,Markdown narrative
gic-06,Gaps in Care,SHALL,"Each `section` SHALL also contain one or more `entry` of `DetectedIssue` using the [DEQM Gaps In Care DetectedIssue Profile] for the measure regardless of its gap status (e.g., open or closed).",input/pagecontent/gaps-in-care-reporting.md,103,Markdown narrative
gic-07,Gaps in Care,SHALL,The Individual MeasureReport SHALL conform to the [DEQM Individual MeasureReport Profile].,input/pagecontent/gaps-in-care-reporting.md,105,Markdown narrative
gic-08,Gaps in Care,SHALL,Each `DetectedIssue` SHALL contain at least one `evidence` element that each evidence SHALL provide a detail that references either a DEQM Individual MeasureReport of the measure or a `GuidanceResponse`.,input/pagecontent/gaps-in-care-reporting.md,107,Markdown narrative
gic-09,Gaps in Care,SHALL,"The `Prefer` header specifies whether the response is immediate or asynchronous, and SHALL be set to *respond-async*.",input/pagecontent/gaps-in-care-reporting.md,292,Markdown narrative
gic-10,Gaps in Care,SHALL,"In addition to the required parameters, a caller of the $care-gaps operation SHALL provide a subject, OR an organization, OR a practitioner together with an organization.",input/pagecontent/OperationDefinition-care-gaps-intro.md,4,Markdown narrative
gic-11,Gaps in Care,SHALL,The DEQM Gaps In Care Bundle SHALL include entries for all patient specific resources including evaluated resources referenced by the included [DEQM Gaps In Care MeasureReport](StructureDefinition-deqm-individualmeasurereport.html) and for resources referenced by the [DEQM Gaps In Care DetectedIssue](StructureDefinition-deqm-gapsincaredetectedissue.html) including GuidanceResponse.,input/pagecontent/StructureDefinition-deqm-gapsincarebundle-intro.md,27,Markdown narrative
